{
    "benchmarks": {
        "freire2.c": {
            "time": 0.4636626530485228,
            "timed_out": false
        },
        "divbin.c": {
            "time": 0.3815056119952351,
            "timed_out": false
        },
        "sqrt1-ll.c": {
            "time": 0.5362511420059017,
            "timed_out": false
        },
        "egcd2-ll.c": {
            "time": 11.62121609302098,
            "timed_out": false
        },
        "cohendiv-ll.c": {
            "time": 1.4306237079589628,
            "timed_out": false
        },
        "sqrt1.c": {
            "time": 0.5191220120261424,
            "timed_out": false
        },
        "prodbin-ll.c": {
            "time": 0.4058000930263661,
            "timed_out": false
        },
        "divbin2.c": {
            "time": 0.5040530640012585,
            "timed_out": false
        },
        "geo1-u.c": {
            "time": 0.44557627898827196,
            "timed_out": false
        },
        "bresenham.c": {
            "time": 0.4385700860102661,
            "timed_out": false
        }
    },
    "total_time": 16.746380742081907
}