{
    "benchmarks": {
        "freire2.c": {
            "time": 0.6115057320101187,
            "timed_out": false
        },
        "divbin.c": {
            "time": 0.34412622699839995,
            "timed_out": false
        },
        "sqrt1-ll.c": {
            "time": 0.581926152958069,
            "timed_out": false
        },
        "egcd2-ll.c": {
            "time": 6.244457137034274,
            "timed_out": false
        },
        "cohendiv-ll.c": {
            "time": 0.9169219149635173,
            "timed_out": false
        },
        "sqrt1.c": {
            "time": 0.5462558729778975,
            "timed_out": false
        },
        "prodbin-ll.c": {
            "time": 0.43000261998036876,
            "timed_out": false
        },
        "divbin2.c": {
            "time": 0.46970879298401996,
            "timed_out": false
        },
        "geo1-u.c": {
            "time": 0.454144629963208,
            "timed_out": false
        },
        "bresenham.c": {
            "time": 0.4591569970170967,
            "timed_out": false
        }
    },
    "total_time": 11.05820607688697
}