{
    "benchmarks": {
        "freire2.c": {
            "time": 1.008871228002361,
            "timed_out": false
        },
        "divbin.c": {
            "time": 0.508311235002824,
            "timed_out": false
        },
        "sqrt1-ll.c": {
            "time": 0.962486070995219,
            "timed_out": false
        },
        "cohendiv-ll.c": {
            "time": 2.160364582000533,
            "timed_out": false
        },
        "sqrt1.c": {
            "time": 0.9190379640004831,
            "timed_out": false
        },
        "prodbin-ll.c": {
            "time": 0.456368284998578,
            "timed_out": false
        },
        "divbin2.c": {
            "time": 0.5710848199923058,
            "timed_out": false
        },
        "geo1-u.c": {
            "time": 0.5701585490008583,
            "timed_out": false
        },
        "bresenham.c": {
            "time": 0.6648615749975433,
            "timed_out": false
        },
        "geo1-u2.c": {
            "time": 0.5848613830121467,
            "timed_out": false
        },
        "knuth.c": {
            "time": 4.4796186009942325,
            "timed_out": false
        },
        "lcm1.c": {
            "time": 0.5757254880062537,
            "timed_out": false
        },
        "mannadiv.c": {
            "time": 0.5525457479908364,
            "timed_out": false
        },
        "freire1.c": {
            "time": 0.38702525199460797,
            "timed_out": false
        },
        "fermat1.c": {
            "time": 6.543981464003795,
            "timed_out": false
        },
        "cohendiv.c": {
            "time": 1.529257621005876,
            "timed_out": false
        },
        "geo1-ll.c": {
            "time": 0.8093923050030134,
            "timed_out": false
        },
        "hard-u.c": {
            "time": 0.49989055799727794,
            "timed_out": false
        },
        "ps5-ll.c": {
            "time": 1.9327219560104423,
            "timed_out": false
        },
        "egcd.c": {
            "time": 1.5175021760087692,
            "timed_out": false
        },
        "ps2.c": {
            "time": 0.6756850859998957,
            "timed_out": false
        },
        "fermat2.c": {
            "time": 1.2228514729887248,
            "timed_out": false
        },
        "cohencu.c": {
            "time": 5.057872860998148,
            "timed_out": false
        },
        "prod4br-ll.c": {
            "time": 0.7379294790071436,
            "timed_out": false
        },
        "geo3-ll2.c": {
            "time": 0.49839407301170285,
            "timed_out": false
        },
        "geo1.c": {
            "time": 0.5600116370007162,
            "timed_out": false
        },
        "fermat2-ll.c": {
            "time": 1.4528036989895627,
            "timed_out": false
        },
        "ps5.c": {
            "time": 1.5114289749909657,
            "timed_out": false
        },
        "dijkstra.c": {
            "time": 13.657537779997686,
            "timed_out": false
        },
        "geo3-ll.c": {
            "time": 0.4881317390007898,
            "timed_out": false
        },
        "geo2-ll.c": {
            "time": 0.5085337009953801,
            "timed_out": false
        },
        "ps6.c": {
            "time": 1.8762456299968762,
            "timed_out": false
        },
        "ps4-ll.c": {
            "time": 1.4050359650107567,
            "timed_out": false
        },
        "ps6-ll.c": {
            "time": 2.591055951998336,
            "timed_out": false
        },
        "geo3.c": {
            "time": 0.45222194398846477,
            "timed_out": false
        },
        "ps2-ll.c": {
            "time": 0.6675149610084481,
            "timed_out": false
        },
        "fermat1-ll.c": {
            "time": 7.5380997589981416,
            "timed_out": false
        },
        "ps4.c": {
            "time": 1.326098455011379,
            "timed_out": false
        },
        "ps3-ll.c": {
            "time": 1.0878822400050703,
            "timed_out": false
        },
        "geo1-ll2.c": {
            "time": 0.6856783719938249,
            "timed_out": false
        },
        "egcd3.c": {
            "time": 13.602317000991665,
            "timed_out": false
        },
        "hard-ll.c": {
            "time": 0.8465974690014264,
            "timed_out": false
        },
        "bresenham-ll.c": {
            "time": 0.7514343550045741,
            "timed_out": false
        },
        "prod4br.c": {
            "time": 0.7270630909991451,
            "timed_out": false
        },
        "dijkstra-u.c": {
            "time": 9.64799698800128,
            "timed_out": false
        },
        "hard2.c": {
            "time": 0.5355828870127444,
            "timed_out": false
        },
        "egcd3-ll.c": {
            "time": 16.66732372098998,
            "timed_out": false
        },
        "cohencu-ll.c": {
            "time": 5.09923054199689,
            "timed_out": false
        },
        "egcd-ll.c": {
            "time": 1.9799150300064357,
            "timed_out": false
        },
        "lcm2.c": {
            "time": 0.46298098800203297,
            "timed_out": false
        },
        "geo2.c": {
            "time": 0.4558773709984962,
            "timed_out": false
        },
        "ps3.c": {
            "time": 0.9559572160100798,
            "timed_out": false
        },
        "geo2-ll2.c": {
            "time": 0.5184348070081324,
            "timed_out": false
        },
        "hard.c": {
            "time": 0.6796319790025009,
            "timed_out": false
        },
        "prodbin.c": {
            "time": 0.44583234799851196,
            "timed_out": false
        },
        "egcd2.c": {
            "time": 7.050089834006853,
            "timed_out": false
        }
    },
    "total_time": 131.6613462690407
}