{
    "benchmarks": {
        "freire2.c": {
            "time": 1.132229213994462,
            "timed_out": false
        },
        "divbin.c": {
            "time": 0.535320533993654,
            "timed_out": false
        },
        "sqrt1-ll.c": {
            "time": 0.9818262170028174,
            "timed_out": false
        },
        "cohendiv-ll.c": {
            "time": 2.5314754609932426,
            "timed_out": false
        },
        "sqrt1.c": {
            "time": 0.9300897260019556,
            "timed_out": false
        },
        "prodbin-ll.c": {
            "time": 0.5245481359912083,
            "timed_out": false
        },
        "divbin2.c": {
            "time": 0.5547210110021987,
            "timed_out": false
        },
        "geo1-u.c": {
            "time": 0.6681602430074709,
            "timed_out": false
        },
        "bresenham.c": {
            "time": 0.7244647700120694,
            "timed_out": false
        },
        "geo1-u2.c": {
            "time": 0.6016656260096933,
            "timed_out": false
        },
        "knuth.c": {
            "time": 4.8113628559871575,
            "timed_out": false
        },
        "lcm1.c": {
            "time": 0.6198183380083646,
            "timed_out": false
        },
        "mannadiv.c": {
            "time": 0.7010393460117048,
            "timed_out": false
        },
        "freire1.c": {
            "time": 0.4460221679980168,
            "timed_out": false
        },
        "fermat1.c": {
            "time": 8.716619195990264,
            "timed_out": false
        },
        "cohendiv.c": {
            "time": 2.1413948000019882,
            "timed_out": false
        },
        "geo1-ll.c": {
            "time": 0.7874396409961628,
            "timed_out": false
        },
        "hard-u.c": {
            "time": 0.5599722209997708,
            "timed_out": false
        },
        "ps5-ll.c": {
            "time": 2.3217064979913413,
            "timed_out": false
        },
        "egcd.c": {
            "time": 2.015044561997056,
            "timed_out": false
        },
        "ps2.c": {
            "time": 0.7005176900023362,
            "timed_out": false
        },
        "fermat2.c": {
            "time": 1.396838260999648,
            "timed_out": false
        },
        "cohencu.c": {
            "time": 5.488660155993304,
            "timed_out": false
        },
        "prod4br-ll.c": {
            "time": 0.852419954005396,
            "timed_out": false
        },
        "geo3-ll2.c": {
            "time": 0.520962799005676,
            "timed_out": false
        },
        "geo1.c": {
            "time": 0.5151348079963354,
            "timed_out": false
        },
        "fermat2-ll.c": {
            "time": 1.5757232830004069,
            "timed_out": false
        },
        "ps5.c": {
            "time": 1.740502100999467,
            "timed_out": false
        },
        "dijkstra.c": {
            "time": 15.749399531987264,
            "timed_out": false
        },
        "geo3-ll.c": {
            "time": 0.50229001200723,
            "timed_out": false
        },
        "geo2-ll.c": {
            "time": 0.5042007369929924,
            "timed_out": false
        },
        "ps6.c": {
            "time": 1.9473190009993269,
            "timed_out": false
        },
        "ps4-ll.c": {
            "time": 1.6879053329904563,
            "timed_out": false
        },
        "ps6-ll.c": {
            "time": 2.885873171995743,
            "timed_out": false
        },
        "geo3.c": {
            "time": 0.5542514100021216,
            "timed_out": false
        },
        "ps2-ll.c": {
            "time": 0.705152860988048,
            "timed_out": false
        },
        "fermat1-ll.c": {
            "time": 9.626816967996303,
            "timed_out": false
        },
        "ps4.c": {
            "time": 1.551349841991323,
            "timed_out": false
        },
        "ps3-ll.c": {
            "time": 1.2370854589873925,
            "timed_out": false
        },
        "geo1-ll2.c": {
            "time": 0.7360897149890662,
            "timed_out": false
        },
        "egcd3.c": {
            "time": 17.507867713991086,
            "timed_out": false
        },
        "hard-ll.c": {
            "time": 0.9804030419962946,
            "timed_out": false
        },
        "bresenham-ll.c": {
            "time": 0.8858464309987613,
            "timed_out": false
        },
        "prod4br.c": {
            "time": 0.7627028860040008,
            "timed_out": false
        },
        "dijkstra-u.c": {
            "time": 11.472974365000846,
            "timed_out": false
        },
        "hard2.c": {
            "time": 0.6061404070006684,
            "timed_out": false
        },
        "egcd3-ll.c": {
            "time": 21.03017195000744,
            "timed_out": false
        },
        "cohencu-ll.c": {
            "time": 5.696186598999193,
            "timed_out": false
        },
        "egcd-ll.c": {
            "time": 2.524330783008132,
            "timed_out": false
        },
        "lcm2.c": {
            "time": 0.4644631270050304,
            "timed_out": false
        },
        "geo2.c": {
            "time": 0.4654649239979917,
            "timed_out": false
        },
        "ps3.c": {
            "time": 1.2089585210019722,
            "timed_out": false
        },
        "geo2-ll2.c": {
            "time": 0.4999197180068586,
            "timed_out": false
        },
        "hard.c": {
            "time": 0.8004276660060277,
            "timed_out": false
        },
        "prodbin.c": {
            "time": 0.4903103899981361,
            "timed_out": false
        },
        "egcd2.c": {
            "time": 7.740241290009814,
            "timed_out": false
        }
    },
    "total_time": 155.91982347095265
}