{
    "benchmarks": {
        "freire2.c": {
            "time": 0.5280983379948885,
            "timed_out": false
        },
        "divbin.c": {
            "time": 0.43841463700169697,
            "timed_out": false
        },
        "sqrt1-ll.c": {
            "time": 0.5273134489888325,
            "timed_out": false
        },
        "egcd2-ll.c": {
            "time": 1.8018661909929943,
            "timed_out": false
        },
        "cohendiv-ll.c": {
            "time": 0.8277733050000389,
            "timed_out": false
        },
        "sqrt1.c": {
            "time": 0.5497541200029663,
            "timed_out": false
        },
        "prodbin-ll.c": {
            "time": 0.41798482200398573,
            "timed_out": false
        },
        "divbin2.c": {
            "time": 0.4765495730129769,
            "timed_out": false
        },
        "bresenham.c": {
            "time": 0.5180597269962308,
            "timed_out": false
        },
        "knuth.c": {
            "time": 2.2601053249995458,
            "timed_out": false
        },
        "lcm1.c": {
            "time": 0.7590278740098002,
            "timed_out": false
        },
        "mannadiv.c": {
            "time": 0.4381256389928749,
            "timed_out": false
        },
        "freire1.c": {
            "time": 0.433077970991726,
            "timed_out": false
        },
        "cohendiv.c": {
            "time": 0.7397531319906703,
            "timed_out": false
        },
        "geo1-ll.c": {
            "time": 0.47964101800054776,
            "timed_out": false
        },
        "hard-u.c": {
            "time": 0.4840678199951071,
            "timed_out": false
        },
        "ps5-ll.c": {
            "time": 0.772741492005065,
            "timed_out": false
        },
        "egcd.c": {
            "time": 0.782815871002269,
            "timed_out": false
        },
        "ps2.c": {
            "time": 0.46568106500944123,
            "timed_out": false
        },
        "cohencu.c": {
            "time": 1.0560308349916012,
            "timed_out": false
        },
        "prod4br-ll.c": {
            "time": 0.6457605379975866,
            "timed_out": false
        },
        "geo3-ll2.c": {
            "time": 0.4703034899920458,
            "timed_out": false
        },
        "geo1.c": {
            "time": 0.4379526169904275,
            "timed_out": false
        },
        "ps5.c": {
            "time": 0.7309913610058139,
            "timed_out": false
        },
        "geo3-ll.c": {
            "time": 0.5414194900045404,
            "timed_out": false
        },
        "geo2-ll.c": {
            "time": 0.49453990800562314,
            "timed_out": false
        },
        "ps6.c": {
            "time": 15.835238424000563,
            "timed_out": false
        },
        "ps4-ll.c": {
            "time": 0.7789361060124356,
            "timed_out": false
        },
        "ps6-ll.c": {
            "time": 17.368829626989086,
            "timed_out": false
        },
        "geo3.c": {
            "time": 0.4599177640095586,
            "timed_out": false
        },
        "ps2-ll.c": {
            "time": 0.4727256550020538,
            "timed_out": false
        },
        "ps4.c": {
            "time": 0.8397383889992489,
            "timed_out": false
        },
        "ps3-ll.c": {
            "time": 0.6014717519981787,
            "timed_out": false
        },
        "geo1-ll2.c": {
            "time": 0.49147000299219507,
            "timed_out": false
        },
        "egcd3.c": {
            "time": 6.318408278998919,
            "timed_out": false
        },
        "bresenham-ll.c": {
            "time": 0.5310129640029044,
            "timed_out": false
        },
        "prod4br.c": {
            "time": 0.5861365580059354,
            "timed_out": false
        },
        "dijkstra-u.c": {
            "time": 5.634269106992171,
            "timed_out": false
        },
        "hard2.c": {
            "time": 0.5541023700049845,
            "timed_out": false
        },
        "egcd3-ll.c": {
            "time": 7.1789358189945345,
            "timed_out": false
        },
        "cohencu-ll.c": {
            "time": 1.0987843120016623,
            "timed_out": false
        },
        "egcd-ll.c": {
            "time": 0.8332740309966029,
            "timed_out": false
        },
        "lcm2.c": {
            "time": 0.4665339190021623,
            "timed_out": false
        },
        "geo2.c": {
            "time": 0.42781330799264833,
            "timed_out": false
        },
        "ps3.c": {
            "time": 0.5780914349958766,
            "timed_out": false
        },
        "geo2-ll2.c": {
            "time": 0.45527301899541633,
            "timed_out": false
        },
        "hard.c": {
            "time": 0.5187156919911504,
            "timed_out": false
        },
        "prodbin.c": {
            "time": 0.39151439399970694,
            "timed_out": false
        },
        "egcd2.c": {
            "time": 2.8611891720113345,
            "timed_out": false
        }
    },
    "total_time": 83.36023170696862
}