{
    "benchmarks": {
        "freire2.c": {
            "time": 0.6213062709997175,
            "timed_out": false
        },
        "divbin.c": {
            "time": 0.4879231560000917,
            "timed_out": false
        },
        "sqrt1-ll.c": {
            "time": 0.5870123700015246,
            "timed_out": false
        },
        "egcd2-ll.c": {
            "time": 9.745667467999855,
            "timed_out": false
        },
        "cohendiv-ll.c": {
            "time": 0.9046656340062618,
            "timed_out": false
        },
        "sqrt1.c": {
            "time": 0.5910890270055971,
            "timed_out": false
        },
        "prodbin-ll.c": {
            "time": 0.4479752260056557,
            "timed_out": false
        },
        "divbin2.c": {
            "time": 0.5244868760012322,
            "timed_out": false
        },
        "geo1-u.c": {
            "time": 0.5013438209976302,
            "timed_out": false
        },
        "bresenham.c": {
            "time": 0.4823883479977958,
            "timed_out": false
        },
        "geo1-u2.c": {
            "time": 0.4708302979988512,
            "timed_out": false
        },
        "knuth.c": {
            "time": 4.429460415997309,
            "timed_out": false
        },
        "lcm1.c": {
            "time": 0.5976675820013042,
            "timed_out": false
        },
        "mannadiv.c": {
            "time": 0.5082640309894924,
            "timed_out": false
        },
        "freire1.c": {
            "time": 0.4237199600068852,
            "timed_out": false
        },
        "fermat1.c": {
            "time": 2.506025409000693,
            "timed_out": false
        },
        "cohendiv.c": {
            "time": 0.8204758940021275,
            "timed_out": false
        },
        "geo1-ll.c": {
            "time": 0.4910719350046711,
            "timed_out": false
        },
        "hard-u.c": {
            "time": 0.5306469459902727,
            "timed_out": false
        },
        "ps5-ll.c": {
            "time": 0.7578369690082036,
            "timed_out": false
        },
        "egcd.c": {
            "time": 0.9089681930053048,
            "timed_out": false
        },
        "ps2.c": {
            "time": 0.4915893830001587,
            "timed_out": false
        },
        "fermat2.c": {
            "time": 0.6704754200029419,
            "timed_out": false
        },
        "cohencu.c": {
            "time": 1.692152616006555,
            "timed_out": false
        },
        "prod4br-ll.c": {
            "time": 0.6839405979900621,
            "timed_out": false
        },
        "geo3-ll2.c": {
            "time": 0.44098865100299006,
            "timed_out": false
        },
        "geo1.c": {
            "time": 0.5156032320001396,
            "timed_out": false
        },
        "fermat2-ll.c": {
            "time": 0.6896648760007229,
            "timed_out": false
        },
        "ps5.c": {
            "time": 0.640620697001228,
            "timed_out": false
        },
        "dijkstra.c": {
            "time": 5.602418477006024,
            "timed_out": false
        },
        "geo3-ll.c": {
            "time": 0.4813920630045468,
            "timed_out": false
        },
        "geo2-ll.c": {
            "time": 0.4583410740115214,
            "timed_out": false
        },
        "ps6.c": {
            "time": 0.7150119010026101,
            "timed_out": false
        },
        "ps4-ll.c": {
            "time": 0.6870524249873124,
            "timed_out": false
        },
        "ps6-ll.c": {
            "time": 0.7939791560065932,
            "timed_out": false
        },
        "geo3.c": {
            "time": 0.4873657669899985,
            "timed_out": false
        },
        "ps2-ll.c": {
            "time": 0.549029421006213,
            "timed_out": false
        },
        "fermat1-ll.c": {
            "time": 2.6823205880026797,
            "timed_out": false
        },
        "ps4.c": {
            "time": 0.6842667819968191,
            "timed_out": false
        },
        "ps3-ll.c": {
            "time": 0.6134533280014294,
            "timed_out": false
        },
        "geo1-ll2.c": {
            "time": 0.5399641279908829,
            "timed_out": false
        },
        "egcd3.c": {
            "time": 4.987175271005486,
            "timed_out": false
        },
        "hard-ll.c": {
            "time": 0.5807588959999848,
            "timed_out": false
        },
        "bresenham-ll.c": {
            "time": 0.6230571140003158,
            "timed_out": false
        },
        "prod4br.c": {
            "time": 0.6624704650019995,
            "timed_out": false
        },
        "dijkstra-u.c": {
            "time": 3.2750526490075282,
            "timed_out": false
        },
        "hard2.c": {
            "time": 0.5115979310068068,
            "timed_out": false
        },
        "egcd3-ll.c": {
            "time": 5.581103993008496,
            "timed_out": false
        },
        "cohencu-ll.c": {
            "time": 1.7929716619891114,
            "timed_out": false
        },
        "egcd-ll.c": {
            "time": 1.0026061480036006,
            "timed_out": false
        },
        "lcm2.c": {
            "time": 0.45031530400097836,
            "timed_out": false
        },
        "geo2.c": {
            "time": 0.4499035200013313,
            "timed_out": false
        },
        "ps3.c": {
            "time": 0.6182060229937778,
            "timed_out": false
        },
        "geo2-ll2.c": {
            "time": 0.44984969398914837,
            "timed_out": false
        },
        "hard.c": {
            "time": 0.5268794630086049,
            "timed_out": false
        },
        "prodbin.c": {
            "time": 0.5239646429974818,
            "timed_out": false
        },
        "egcd2.c": {
            "time": 2.6272664849967695,
            "timed_out": false
        }
    },
    "total_time": 72.1216356740433
}