{
    "benchmarks": {
        "freire2.c": {
            "time": 0.9831720049983124,
            "timed_out": false
        },
        "divbin.c": {
            "time": 0.5432130709999474,
            "timed_out": false
        },
        "sqrt1-ll.c": {
            "time": 0.8556449209974379,
            "timed_out": false
        },
        "cohendiv-ll.c": {
            "time": 2.3480430010005366,
            "timed_out": false
        },
        "sqrt1.c": {
            "time": 0.8403943750075996,
            "timed_out": false
        },
        "prodbin-ll.c": {
            "time": 0.515699023006484,
            "timed_out": false
        },
        "divbin2.c": {
            "time": 0.6226275990002323,
            "timed_out": false
        },
        "geo1-u.c": {
            "time": 0.5973372079983819,
            "timed_out": false
        },
        "bresenham.c": {
            "time": 0.7904556509979301,
            "timed_out": false
        },
        "geo1-u2.c": {
            "time": 0.6038906100047752,
            "timed_out": false
        },
        "knuth.c": {
            "time": 5.280720995006152,
            "timed_out": false
        },
        "lcm1.c": {
            "time": 0.7313853699991013,
            "timed_out": false
        },
        "mannadiv.c": {
            "time": 0.6225661789987935,
            "timed_out": false
        },
        "freire1.c": {
            "time": 0.42168697000294925,
            "timed_out": false
        },
        "fermat1.c": {
            "time": 6.399723527996219,
            "timed_out": false
        },
        "cohendiv.c": {
            "time": 1.9188009329970228,
            "timed_out": false
        },
        "geo1-ll.c": {
            "time": 0.7033101830035449,
            "timed_out": false
        },
        "hard-u.c": {
            "time": 0.5679409030058886,
            "timed_out": false
        },
        "ps5-ll.c": {
            "time": 1.7793649489965755,
            "timed_out": false
        },
        "egcd.c": {
            "time": 1.3674190819960785,
            "timed_out": false
        },
        "ps2.c": {
            "time": 0.6897837130053668,
            "timed_out": false
        },
        "fermat2.c": {
            "time": 1.3791588119900553,
            "timed_out": false
        },
        "cohencu.c": {
            "time": 3.1088562699978937,
            "timed_out": false
        },
        "prod4br-ll.c": {
            "time": 0.8293369380065705,
            "timed_out": false
        },
        "geo3-ll2.c": {
            "time": 0.532435669995728,
            "timed_out": false
        },
        "geo1.c": {
            "time": 0.5232414760019164,
            "timed_out": false
        },
        "fermat2-ll.c": {
            "time": 1.532244848991977,
            "timed_out": false
        },
        "ps5.c": {
            "time": 1.449132372995373,
            "timed_out": false
        },
        "dijkstra.c": {
            "time": 11.499260069003794,
            "timed_out": false
        },
        "geo3-ll.c": {
            "time": 0.5182702830032213,
            "timed_out": false
        },
        "geo2-ll.c": {
            "time": 0.4902700360001763,
            "timed_out": false
        },
        "ps6.c": {
            "time": 1.8160962060035672,
            "timed_out": false
        },
        "ps4-ll.c": {
            "time": 1.3068317229967796,
            "timed_out": false
        },
        "ps6-ll.c": {
            "time": 2.436954954000539,
            "timed_out": false
        },
        "geo3.c": {
            "time": 0.5083361160000786,
            "timed_out": false
        },
        "ps2-ll.c": {
            "time": 0.6717080539996969,
            "timed_out": false
        },
        "fermat1-ll.c": {
            "time": 7.068379308997188,
            "timed_out": false
        },
        "ps4.c": {
            "time": 1.2366611260083737,
            "timed_out": false
        },
        "ps3-ll.c": {
            "time": 0.9350743959911634,
            "timed_out": false
        },
        "geo1-ll2.c": {
            "time": 0.6921356439985102,
            "timed_out": false
        },
        "egcd3.c": {
            "time": 14.731559502995573,
            "timed_out": false
        },
        "hard-ll.c": {
            "time": 0.9422572750013787,
            "timed_out": false
        },
        "bresenham-ll.c": {
            "time": 0.9232879389937734,
            "timed_out": false
        },
        "prod4br.c": {
            "time": 0.8070919429969508,
            "timed_out": false
        },
        "dijkstra-u.c": {
            "time": 8.255752808989724,
            "timed_out": false
        },
        "hard2.c": {
            "time": 0.5824246830003104,
            "timed_out": false
        },
        "egcd3-ll.c": {
            "time": 17.36943076199945,
            "timed_out": false
        },
        "cohencu-ll.c": {
            "time": 3.538070636001765,
            "timed_out": false
        },
        "egcd-ll.c": {
            "time": 1.715054399006185,
            "timed_out": false
        },
        "lcm2.c": {
            "time": 0.5600649489995557,
            "timed_out": false
        },
        "geo2.c": {
            "time": 0.5455358449998311,
            "timed_out": false
        },
        "ps3.c": {
            "time": 0.8580766919958405,
            "timed_out": false
        },
        "geo2-ll2.c": {
            "time": 0.4963473089991603,
            "timed_out": false
        },
        "hard.c": {
            "time": 0.7686368940019748,
            "timed_out": false
        },
        "prodbin.c": {
            "time": 0.5175668090041727,
            "timed_out": false
        },
        "egcd2.c": {
            "time": 7.001364666012698,
            "timed_out": false
        }
    },
    "total_time": 127.33008768600027
}