{
    "benchmarks": {
        "freire2.c": {
            "time": 1.511622679991182,
            "timed_out": false
        },
        "divbin.c": {
            "time": 0.593402368995361,
            "timed_out": false
        },
        "sqrt1-ll.c": {
            "time": 1.045240337960422,
            "timed_out": false
        },
        "egcd2-ll.c": {
            "time": 37.527523218003104,
            "timed_out": false
        },
        "cohendiv-ll.c": {
            "time": 3.036447637994774,
            "timed_out": false
        },
        "sqrt1.c": {
            "time": 1.1237309269965627,
            "timed_out": false
        },
        "prodbin-ll.c": {
            "time": 0.4112167350035161,
            "timed_out": false
        },
        "divbin2.c": {
            "time": 0.6798887670049444,
            "timed_out": false
        },
        "geo1-u.c": {
            "time": 0.6955007139951922,
            "timed_out": false
        },
        "bresenham.c": {
            "time": 1.01875576300174,
            "timed_out": false
        }
    },
    "total_time": 47.643329148946805
}