{
    "benchmarks": {
        "freire2.c": {
            "time": 0.28007196199905593,
            "timed_out": false
        },
        "divbin.c": {
            "time": 0.3083025020023342,
            "timed_out": false
        },
        "sqrt1-ll.c": {
            "time": 0.3105065080017084,
            "timed_out": false
        },
        "egcd2-ll.c": {
            "time": 0.44520983401162084,
            "timed_out": false
        },
        "cohendiv-ll.c": {
            "time": 0.3096031760069309,
            "timed_out": false
        },
        "sqrt1.c": {
            "time": 0.2944085909985006,
            "timed_out": false
        },
        "prodbin-ll.c": {
            "time": 0.28734612998960074,
            "timed_out": false
        },
        "divbin2.c": {
            "time": 0.2943835360056255,
            "timed_out": false
        },
        "geo1-u.c": {
            "time": 0.29912166998838075,
            "timed_out": false
        },
        "bresenham.c": {
            "time": 0.2946137719991384,
            "timed_out": false
        },
        "geo1-u2.c": {
            "time": 0.2863290329987649,
            "timed_out": false
        },
        "knuth.c": {
            "time": 0.4293201719992794,
            "timed_out": false
        },
        "lcm1.c": {
            "time": 0.3184744750033133,
            "timed_out": false
        },
        "mannadiv.c": {
            "time": 0.293023655001889,
            "timed_out": false
        },
        "freire1.c": {
            "time": 0.27410021200194024,
            "timed_out": false
        },
        "fermat1.c": {
            "time": 0.3641479999932926,
            "timed_out": false
        },
        "cohendiv.c": {
            "time": 0.31308998398890253,
            "timed_out": false
        },
        "geo1-ll.c": {
            "time": 0.29864869099401403,
            "timed_out": false
        },
        "hard-u.c": {
            "time": 0.29383979600970633,
            "timed_out": false
        },
        "ps5-ll.c": {
            "time": 0.2989122309954837,
            "timed_out": false
        },
        "egcd.c": {
            "time": 0.35026771800767165,
            "timed_out": false
        },
        "ps2.c": {
            "time": 0.28111938798974734,
            "timed_out": false
        },
        "fermat2.c": {
            "time": 0.30143357600900345,
            "timed_out": false
        },
        "cohencu.c": {
            "time": 0.3334630309982458,
            "timed_out": false
        },
        "prod4br-ll.c": {
            "time": 0.32192216599651147,
            "timed_out": false
        },
        "geo3-ll2.c": {
            "time": 0.28849928999261465,
            "timed_out": false
        },
        "geo1.c": {
            "time": 0.2866969449969474,
            "timed_out": false
        },
        "fermat2-ll.c": {
            "time": 0.30808581400197,
            "timed_out": false
        },
        "ps5.c": {
            "time": 0.27589279900712427,
            "timed_out": false
        },
        "dijkstra.c": {
            "time": 0.4072253799968166,
            "timed_out": false
        },
        "geo3-ll.c": {
            "time": 0.2949941039987607,
            "timed_out": false
        },
        "geo2-ll.c": {
            "time": 0.29152484799851663,
            "timed_out": false
        },
        "ps6.c": {
            "time": 0.29870015000051353,
            "timed_out": false
        },
        "ps4-ll.c": {
            "time": 0.28894888900686055,
            "timed_out": false
        },
        "ps6-ll.c": {
            "time": 0.2986223680054536,
            "timed_out": false
        },
        "geo3.c": {
            "time": 0.27183328599494416,
            "timed_out": false
        },
        "ps2-ll.c": {
            "time": 0.2934348059934564,
            "timed_out": false
        },
        "fermat1-ll.c": {
            "time": 0.3499777700053528,
            "timed_out": false
        },
        "ps4.c": {
            "time": 0.29423509899061173,
            "timed_out": false
        },
        "ps3-ll.c": {
            "time": 0.3019554119964596,
            "timed_out": false
        },
        "geo1-ll2.c": {
            "time": 0.2843635470053414,
            "timed_out": false
        },
        "egcd3.c": {
            "time": 0.45445902600476984,
            "timed_out": false
        },
        "hard-ll.c": {
            "time": 0.3015968090039678,
            "timed_out": false
        },
        "bresenham-ll.c": {
            "time": 0.3010762710036943,
            "timed_out": false
        },
        "prod4br.c": {
            "time": 0.30224480299511924,
            "timed_out": false
        },
        "dijkstra-u.c": {
            "time": 0.3691553540120367,
            "timed_out": false
        },
        "hard2.c": {
            "time": 0.2833281939965673,
            "timed_out": false
        },
        "egcd3-ll.c": {
            "time": 0.467650765000144,
            "timed_out": false
        },
        "cohencu-ll.c": {
            "time": 0.366529675986385,
            "timed_out": false
        },
        "egcd-ll.c": {
            "time": 0.36967132800782565,
            "timed_out": false
        },
        "lcm2.c": {
            "time": 0.32627019099891186,
            "timed_out": false
        },
        "geo2.c": {
            "time": 0.27648660299018957,
            "timed_out": false
        },
        "ps3.c": {
            "time": 0.28326020399981644,
            "timed_out": false
        },
        "geo2-ll2.c": {
            "time": 0.27464123800746165,
            "timed_out": false
        },
        "hard.c": {
            "time": 0.30281556899717543,
            "timed_out": false
        },
        "prodbin.c": {
            "time": 0.2778537290141685,
            "timed_out": false
        },
        "egcd2.c": {
            "time": 0.3494151659979252,
            "timed_out": false
        }
    },
    "total_time": 18.023105241998564
}